{
  "project_info": {
    "project_number": "280552809906",
    "project_id": "pibd-89fd1",
    "storage_bucket": "pibd-89fd1.appspot.com"
  },
  "client": [
    {
      "client_info": {
        "mobilesdk_app_id": "1:280552809906:android:a365b73d05b98914f670ab",
        "android_client_info": {
          "package_name": "com.example.ddyssadmin"
        }
      },
      "oauth_client": [
        {
          "client_id": "280552809906-er00r8gbamfephmj0lreadnqdd3gt1dg.apps.googleusercontent.com",
          "client_type": 3
        }
      ],
      "api_key": [
        {
          "current_key": "AIzaSyA1swSSBDvQOXwWrdMrWqg231-vEbR1FJc"
        }
      ],
      "services": {
        "appinvite_service": {
          "other_platform_oauth_client": [
            {
              "client_id": "280552809906-er00r8gbamfephmj0lreadnqdd3gt1dg.apps.googleusercontent.com",
              "client_type": 3
            }
          ]
        }
      }
    },
    {
      "client_info": {
        "mobilesdk_app_id": "1:280552809906:android:6e455732aa47a2a4f670ab",
        "android_client_info": {
          "package_name": "com.example.pibd"
        }
      },
      "oauth_client": [
        {
          "client_id": "280552809906-er00r8gbamfephmj0lreadnqdd3gt1dg.apps.googleusercontent.com",
          "client_type": 3
        }
      ],
      "api_key": [
        {
          "current_key": "AIzaSyA1swSSBDvQOXwWrdMrWqg231-vEbR1FJc"
        }
      ],
      "services": {
        "appinvite_service": {
          "other_platform_oauth_client": [
            {
              "client_id": "280552809906-er00r8gbamfephmj0lreadnqdd3gt1dg.apps.googleusercontent.com",
              "client_type": 3
            }
          ]
        }
      }
    }
  ],
  "configuration_version": "1"
}